-- MySQL dump 10.13  Distrib 8.0.31, for Win64 (x86_64)
--
-- Host: 127.0.0.1    Database: sky_take_out
-- ------------------------------------------------------
-- Server version	8.0.31

/*!40101 SET @OLD_CHARACTER_SET_CLIENT=@@CHARACTER_SET_CLIENT */;
/*!40101 SET @OLD_CHARACTER_SET_RESULTS=@@CHARACTER_SET_RESULTS */;
/*!40101 SET @OLD_COLLATION_CONNECTION=@@COLLATION_CONNECTION */;
/*!50503 SET NAMES utf8mb4 */;
/*!40103 SET @OLD_TIME_ZONE=@@TIME_ZONE */;
/*!40103 SET TIME_ZONE='+00:00' */;
/*!40014 SET @OLD_UNIQUE_CHECKS=@@UNIQUE_CHECKS, UNIQUE_CHECKS=0 */;
/*!40014 SET @OLD_FOREIGN_KEY_CHECKS=@@FOREIGN_KEY_CHECKS, FOREIGN_KEY_CHECKS=0 */;
/*!40101 SET @OLD_SQL_MODE=@@SQL_MODE, SQL_MODE='NO_AUTO_VALUE_ON_ZERO' */;
/*!40111 SET @OLD_SQL_NOTES=@@SQL_NOTES, SQL_NOTES=0 */;

--
-- Table structure for table `category`
--

DROP TABLE IF EXISTS `category`;
/*!40101 SET @saved_cs_client     = @@character_set_client */;
/*!50503 SET character_set_client = utf8mb4 */;
CREATE TABLE `category` (
  `id` bigint NOT NULL AUTO_INCREMENT COMMENT '主键',
  `type` int DEFAULT NULL COMMENT '类型   1 菜品分类 2 套餐分类',
  `name` varchar(32) CHARACTER SET utf8mb3 COLLATE utf8mb3_bin NOT NULL COMMENT '分类名称',
  `sort` int NOT NULL DEFAULT '0' COMMENT '顺序',
  `status` int DEFAULT NULL COMMENT '分类状态 0:禁用，1:启用',
  `create_time` datetime DEFAULT NULL COMMENT '创建时间',
  `update_time` datetime DEFAULT NULL COMMENT '更新时间',
  `create_user` bigint DEFAULT NULL COMMENT '创建人',
  `update_user` bigint DEFAULT NULL COMMENT '修改人',
  PRIMARY KEY (`id`),
  UNIQUE KEY `idx_category_name` (`name`)
) ENGINE=InnoDB AUTO_INCREMENT=31 DEFAULT CHARSET=utf8mb3 COLLATE=utf8mb3_bin COMMENT='菜品及套餐分类';
/*!40101 SET character_set_client = @saved_cs_client */;

--
-- Dumping data for table `category`
--

LOCK TABLES `category` WRITE;
/*!40000 ALTER TABLE `category` DISABLE KEYS */;
INSERT INTO `category` VALUES (11,1,'酒水饮料',10,1,'2022-06-09 22:09:18','2022-06-09 22:09:18',1,1),(12,1,'传统主食',9,1,'2022-06-09 22:09:32','2022-06-09 22:18:53',1,1),(13,2,'人气王套餐plus',12,1,'2022-06-09 22:11:38','2024-08-18 22:39:29',1,1),(15,2,'商务套餐',13,1,'2022-06-09 22:14:10','2022-06-10 11:04:48',1,1),(16,1,'蜀味烤鱼',4,1,'2022-06-09 22:15:37','2022-08-31 14:27:25',1,1),(17,1,'蜀味牛蛙',5,1,'2022-06-09 22:16:14','2022-08-31 14:39:44',1,1),(18,1,'特色蒸菜',6,1,'2022-06-09 22:17:42','2022-06-09 22:17:42',1,1),(19,1,'新鲜时蔬',7,1,'2022-06-09 22:18:12','2022-06-09 22:18:28',1,1),(20,1,'水煮鱼',8,1,'2022-06-09 22:22:29','2022-06-09 22:23:45',1,1),(21,1,'汤类',11,1,'2022-06-10 10:51:47','2022-06-10 10:51:47',1,1),(23,1,'酸味烤鱼',0,0,'2024-08-18 22:24:59','2024-08-18 22:24:59',1,1),(24,1,'原味酸奶',1,0,'2024-08-18 22:37:53','2024-08-18 22:37:53',1,1),(25,2,'酸奶',3,1,'2024-08-18 22:38:02','2024-08-18 22:39:55',1,1),(26,1,'草莓味酸奶',2,0,'2024-08-18 22:38:21','2024-08-18 22:38:21',1,1),(28,1,'芒果味酸奶',6,0,'2024-08-21 17:13:21','2024-08-21 17:13:21',1,1),(29,2,'双拼套餐',1,1,'2024-11-04 18:03:57','2024-11-04 18:06:50',1,1),(30,1,'肉类',1,1,'2024-11-04 18:10:36','2024-11-04 18:11:03',1,1);
/*!40000 ALTER TABLE `category` ENABLE KEYS */;
UNLOCK TABLES;

--
-- Table structure for table `dish`
--

DROP TABLE IF EXISTS `dish`;
/*!40101 SET @saved_cs_client     = @@character_set_client */;
/*!50503 SET character_set_client = utf8mb4 */;
CREATE TABLE `dish` (
  `id` bigint NOT NULL AUTO_INCREMENT COMMENT '主键',
  `name` varchar(32) CHARACTER SET utf8mb3 COLLATE utf8mb3_bin NOT NULL COMMENT '菜品名称',
  `category_id` bigint NOT NULL COMMENT '菜品分类id',
  `price` decimal(10,2) DEFAULT NULL COMMENT '菜品价格',
  `image` varchar(255) CHARACTER SET utf8mb3 COLLATE utf8mb3_bin DEFAULT NULL COMMENT '图片',
  `description` varchar(255) CHARACTER SET utf8mb3 COLLATE utf8mb3_bin DEFAULT NULL COMMENT '描述信息',
  `status` int DEFAULT '1' COMMENT '0 停售 1 起售',
  `create_time` datetime DEFAULT NULL COMMENT '创建时间',
  `update_time` datetime DEFAULT NULL COMMENT '更新时间',
  `create_user` bigint DEFAULT NULL COMMENT '创建人',
  `update_user` bigint DEFAULT NULL COMMENT '修改人',
  PRIMARY KEY (`id`),
  UNIQUE KEY `idx_dish_name` (`name`)
) ENGINE=InnoDB AUTO_INCREMENT=74 DEFAULT CHARSET=utf8mb3 COLLATE=utf8mb3_bin COMMENT='菜品';
/*!40101 SET character_set_client = @saved_cs_client */;

--
-- Dumping data for table `dish`
--

LOCK TABLES `dish` WRITE;
/*!40000 ALTER TABLE `dish` DISABLE KEYS */;
INSERT INTO `dish` VALUES (46,'王老吉',11,6.00,'https://sky-itcast.oss-cn-beijing.aliyuncs.com/41bfcacf-7ad4-4927-8b26-df366553a94c.png','',1,'2022-06-09 22:40:47','2022-06-09 22:40:47',1,1),(47,'北冰洋',11,4.00,'https://sky-itcast.oss-cn-beijing.aliyuncs.com/4451d4be-89a2-4939-9c69-3a87151cb979.png','还是小时候的味道',1,'2022-06-10 09:18:49','2022-06-10 09:18:49',1,1),(48,'雪花啤酒',11,4.00,'https://sky-itcast.oss-cn-beijing.aliyuncs.com/bf8cbfc1-04d2-40e8-9826-061ee41ab87c.png','',1,'2022-06-10 09:22:54','2022-06-10 09:22:54',1,1),(49,'米饭',12,2.00,'https://sky-itcast.oss-cn-beijing.aliyuncs.com/76752350-2121-44d2-b477-10791c23a8ec.png','精选五常大米',1,'2022-06-10 09:30:17','2022-06-10 09:30:17',1,1),(50,'馒头',12,1.00,'https://sky-itcast.oss-cn-beijing.aliyuncs.com/475cc599-8661-4899-8f9e-121dd8ef7d02.png','优质面粉',1,'2022-06-10 09:34:28','2022-06-10 09:34:28',1,1),(51,'老坛酸菜鱼',20,56.00,'https://sky-itcast.oss-cn-beijing.aliyuncs.com/4a9cefba-6a74-467e-9fde-6e687ea725d7.png','原料：汤，草鱼，酸菜',1,'2022-06-10 09:40:51','2024-08-23 23:18:13',1,1),(52,'经典酸菜鮰鱼',20,66.00,'https://sky-itcast.oss-cn-beijing.aliyuncs.com/5260ff39-986c-4a97-8850-2ec8c7583efc.png','原料：酸菜，江团，鮰鱼',1,'2022-06-10 09:46:02','2022-06-10 09:46:02',1,1),(53,'蜀味水煮草鱼',20,38.00,'https://sky-itcast.oss-cn-beijing.aliyuncs.com/a6953d5a-4c18-4b30-9319-4926ee77261f.png','原料：草鱼，汤',1,'2022-06-10 09:48:37','2022-06-10 09:48:37',1,1),(54,'清炒小油菜',19,18.00,'https://sky-itcast.oss-cn-beijing.aliyuncs.com/3613d38e-5614-41c2-90ed-ff175bf50716.png','原料：小油菜',1,'2022-06-10 09:51:46','2022-06-10 09:51:46',1,1),(55,'蒜蓉娃娃菜',19,18.00,'https://sky-itcast.oss-cn-beijing.aliyuncs.com/4879ed66-3860-4b28-ba14-306ac025fdec.png','原料：蒜，娃娃菜',1,'2022-06-10 09:53:37','2022-06-10 09:53:37',1,1),(56,'清炒西兰花',19,18.00,'https://sky-itcast.oss-cn-beijing.aliyuncs.com/e9ec4ba4-4b22-4fc8-9be0-4946e6aeb937.png','原料：西兰花',1,'2022-06-10 09:55:44','2022-06-10 09:55:44',1,1),(57,'炝炒圆白菜',19,18.00,'https://sky-itcast.oss-cn-beijing.aliyuncs.com/22f59feb-0d44-430e-a6cd-6a49f27453ca.png','原料：圆白菜',1,'2022-06-10 09:58:35','2022-06-10 09:58:35',1,1),(58,'清蒸鲈鱼',18,98.00,'https://sky-itcast.oss-cn-beijing.aliyuncs.com/c18b5c67-3b71-466c-a75a-e63c6449f21c.png','原料：鲈鱼',1,'2022-06-10 10:12:28','2022-06-10 10:12:28',1,1),(59,'东坡肘子',18,138.00,'https://sky-itcast.oss-cn-beijing.aliyuncs.com/a80a4b8c-c93e-4f43-ac8a-856b0d5cc451.png','原料：猪肘棒',1,'2022-06-10 10:24:03','2022-06-10 10:24:03',1,1),(60,'梅菜扣肉',18,58.00,'https://sky-itcast.oss-cn-beijing.aliyuncs.com/6080b118-e30a-4577-aab4-45042e3f88be.png','原料：猪肉，梅菜',1,'2022-06-10 10:26:03','2022-06-10 10:26:03',1,1),(61,'剁椒鱼头',18,66.00,'https://sky-itcast.oss-cn-beijing.aliyuncs.com/13da832f-ef2c-484d-8370-5934a1045a06.png','原料：鲢鱼，剁椒',1,'2022-06-10 10:28:54','2022-06-10 10:28:54',1,1),(63,'香锅牛蛙',17,88.00,'https://sky-itcast.oss-cn-beijing.aliyuncs.com/f5ac8455-4793-450c-97ba-173795c34626.png','配料：鲜活牛蛙，莲藕，青笋',1,'2022-06-10 10:35:40','2022-06-10 10:35:40',1,1),(65,'草鱼2斤',16,68.00,'https://sky-itcast.oss-cn-beijing.aliyuncs.com/b544d3ba-a1ae-4d20-a860-81cb5dec9e03.png','原料：草鱼，黄豆芽，莲藕',1,'2022-06-10 10:41:08','2024-08-23 23:17:33',1,1),(66,'江团鱼2斤',16,119.00,'https://sky-itcast.oss-cn-beijing.aliyuncs.com/a101a1e9-8f8b-47b2-afa4-1abd47ea0a87.png','配料：江团鱼，黄豆芽，莲藕',1,'2022-06-10 10:42:42','2022-06-10 10:42:42',1,1),(70,'奶茶',11,8.00,'https://sky-take-out-wb333.oss-cn-beijing.aliyuncs.com/c7ba9ce3-00bd-41b0-ae72-c1858274035c.jpeg','',1,'2024-08-22 18:37:07','2024-08-23 15:49:50',1,1),(71,'猪脚饭',30,12.00,'https://sky-take-out-cwj333.oss-cn-beijing.aliyuncs.com/de833fda-0e7a-4706-8c9e-4dff4b010668.png','',1,'2024-11-04 18:11:42','2024-11-04 18:12:33',1,1),(72,'奶茶1',11,12.00,'https://sky-take-out-cwj333.oss-cn-beijing.aliyuncs.com/65130814-239b-4a2b-b946-00ac22da8fd1.jpg','',1,'2024-11-28 23:32:29','2024-11-28 23:32:29',1,1),(73,'奶茶2',11,14.00,'https://sky-take-out-cwj333.oss-cn-beijing.aliyuncs.com/c5865efe-6ceb-4666-bb0b-2721da1639ef.jpg','',1,'2024-11-28 23:49:25','2025-02-04 19:33:06',1,1);
/*!40000 ALTER TABLE `dish` ENABLE KEYS */;
UNLOCK TABLES;

--
-- Table structure for table `dish_flavor`
--

DROP TABLE IF EXISTS `dish_flavor`;
/*!40101 SET @saved_cs_client     = @@character_set_client */;
/*!50503 SET character_set_client = utf8mb4 */;
CREATE TABLE `dish_flavor` (
  `id` bigint NOT NULL AUTO_INCREMENT COMMENT '主键',
  `dish_id` bigint NOT NULL COMMENT '菜品',
  `name` varchar(32) CHARACTER SET utf8mb3 COLLATE utf8mb3_bin DEFAULT NULL COMMENT '口味名称',
  `value` varchar(255) CHARACTER SET utf8mb3 COLLATE utf8mb3_bin DEFAULT NULL COMMENT '口味数据list',
  PRIMARY KEY (`id`)
) ENGINE=InnoDB AUTO_INCREMENT=114 DEFAULT CHARSET=utf8mb3 COLLATE=utf8mb3_bin COMMENT='菜品口味关系表';
/*!40101 SET character_set_client = @saved_cs_client */;

--
-- Dumping data for table `dish_flavor`
--

LOCK TABLES `dish_flavor` WRITE;
/*!40000 ALTER TABLE `dish_flavor` DISABLE KEYS */;
INSERT INTO `dish_flavor` VALUES (40,10,'甜味','[\"无糖\",\"少糖\",\"半糖\",\"多糖\",\"全糖\"]'),(41,7,'忌口','[\"不要葱\",\"不要蒜\",\"不要香菜\",\"不要辣\"]'),(42,7,'温度','[\"热饮\",\"常温\",\"去冰\",\"少冰\",\"多冰\"]'),(45,6,'忌口','[\"不要葱\",\"不要蒜\",\"不要香菜\",\"不要辣\"]'),(46,6,'辣度','[\"不辣\",\"微辣\",\"中辣\",\"重辣\"]'),(47,5,'辣度','[\"不辣\",\"微辣\",\"中辣\",\"重辣\"]'),(48,5,'甜味','[\"无糖\",\"少糖\",\"半糖\",\"多糖\",\"全糖\"]'),(49,2,'甜味','[\"无糖\",\"少糖\",\"半糖\",\"多糖\",\"全糖\"]'),(50,4,'甜味','[\"无糖\",\"少糖\",\"半糖\",\"多糖\",\"全糖\"]'),(51,3,'甜味','[\"无糖\",\"少糖\",\"半糖\",\"多糖\",\"全糖\"]'),(52,3,'忌口','[\"不要葱\",\"不要蒜\",\"不要香菜\",\"不要辣\"]'),(86,52,'忌口','[\"不要葱\",\"不要蒜\",\"不要香菜\",\"不要辣\"]'),(87,52,'辣度','[\"不辣\",\"微辣\",\"中辣\",\"重辣\"]'),(88,51,'忌口','[\"不要葱\",\"不要蒜\",\"不要香菜\",\"不要辣\"]'),(89,51,'辣度','[\"不辣\",\"微辣\",\"中辣\",\"重辣\"]'),(92,53,'忌口','[\"不要葱\",\"不要蒜\",\"不要香菜\",\"不要辣\"]'),(93,53,'辣度','[\"不辣\",\"微辣\",\"中辣\",\"重辣\"]'),(94,54,'忌口','[\"不要葱\",\"不要蒜\",\"不要香菜\"]'),(95,56,'忌口','[\"不要葱\",\"不要蒜\",\"不要香菜\",\"不要辣\"]'),(96,57,'忌口','[\"不要葱\",\"不要蒜\",\"不要香菜\",\"不要辣\"]'),(97,60,'忌口','[\"不要葱\",\"不要蒜\",\"不要香菜\",\"不要辣\"]'),(101,66,'辣度','[\"不辣\",\"微辣\",\"中辣\",\"重辣\"]'),(103,65,'辣度','[\"不辣\",\"微辣\",\"中辣\",\"重辣\"]'),(106,70,'甜味','[\"无糖\",\"少糖\",\"半糖\",\"全糖\"]'),(107,70,'温度','[\"热饮\",\"常温\",\"去冰\",\"少冰\",\"多冰\"]'),(108,71,'辣度','[\"不辣\",\"微辣\",\"中辣\",\"重辣\"]'),(109,72,'甜味','[\"无糖\",\"少糖\",\"半糖\",\"多糖\",\"全糖\"]'),(112,73,'甜味','[\"无糖\",\"少糖\",\"半糖\"]'),(113,73,'温度','[\"热饮\",\"常温\",\"去冰\",\"少冰\",\"多冰\"]');
/*!40000 ALTER TABLE `dish_flavor` ENABLE KEYS */;
UNLOCK TABLES;

--
-- Table structure for table `setmeal`
--

DROP TABLE IF EXISTS `setmeal`;
/*!40101 SET @saved_cs_client     = @@character_set_client */;
/*!50503 SET character_set_client = utf8mb4 */;
CREATE TABLE `setmeal` (
  `id` bigint NOT NULL AUTO_INCREMENT COMMENT '主键',
  `category_id` bigint NOT NULL COMMENT '菜品分类id',
  `name` varchar(32) CHARACTER SET utf8mb3 COLLATE utf8mb3_bin NOT NULL COMMENT '套餐名称',
  `price` decimal(10,2) NOT NULL COMMENT '套餐价格',
  `status` int DEFAULT '1' COMMENT '售卖状态 0:停售 1:起售',
  `description` varchar(255) CHARACTER SET utf8mb3 COLLATE utf8mb3_bin DEFAULT NULL COMMENT '描述信息',
  `image` varchar(255) CHARACTER SET utf8mb3 COLLATE utf8mb3_bin DEFAULT NULL COMMENT '图片',
  `create_time` datetime DEFAULT NULL COMMENT '创建时间',
  `update_time` datetime DEFAULT NULL COMMENT '更新时间',
  `create_user` bigint DEFAULT NULL COMMENT '创建人',
  `update_user` bigint DEFAULT NULL COMMENT '修改人',
  PRIMARY KEY (`id`),
  UNIQUE KEY `idx_setmeal_name` (`name`)
) ENGINE=InnoDB AUTO_INCREMENT=36 DEFAULT CHARSET=utf8mb3 COLLATE=utf8mb3_bin COMMENT='套餐';
/*!40101 SET character_set_client = @saved_cs_client */;

--
-- Dumping data for table `setmeal`
--

LOCK TABLES `setmeal` WRITE;
/*!40000 ALTER TABLE `setmeal` DISABLE KEYS */;
INSERT INTO `setmeal` VALUES (33,15,'鱼多多',9899.00,1,'鱼越多越便宜','https://sky-take-out-wb333.oss-cn-beijing.aliyuncs.com/643a286c-f354-4a6c-9d06-3d2892ba45d0.jpeg','2024-08-23 22:23:02','2024-08-23 23:18:18',1,1),(34,15,'全是蔬菜',55.00,1,'','https://sky-take-out-wb333.oss-cn-beijing.aliyuncs.com/414f094a-5489-4cb7-be71-f9f5731f48f1.jpeg','2024-08-23 22:24:18','2024-11-04 17:38:35',1,1),(35,29,'猪脚饭拼腊肠',20.00,1,'测试用','https://sky-take-out-cwj333.oss-cn-beijing.aliyuncs.com/56e8ea31-e11a-4f43-abb0-7e695af0e042.png','2024-11-04 18:08:10','2024-11-04 18:13:07',1,1);
/*!40000 ALTER TABLE `setmeal` ENABLE KEYS */;
UNLOCK TABLES;

--
-- Table structure for table `setmeal_dish`
--

DROP TABLE IF EXISTS `setmeal_dish`;
/*!40101 SET @saved_cs_client     = @@character_set_client */;
/*!50503 SET character_set_client = utf8mb4 */;
CREATE TABLE `setmeal_dish` (
  `id` bigint NOT NULL AUTO_INCREMENT COMMENT '主键',
  `setmeal_id` bigint DEFAULT NULL COMMENT '套餐id',
  `dish_id` bigint DEFAULT NULL COMMENT '菜品id',
  `name` varchar(32) CHARACTER SET utf8mb3 COLLATE utf8mb3_bin DEFAULT NULL COMMENT '菜品名称 （冗余字段）',
  `price` decimal(10,2) DEFAULT NULL COMMENT '菜品单价（冗余字段）',
  `copies` int DEFAULT NULL COMMENT '菜品份数',
  PRIMARY KEY (`id`)
) ENGINE=InnoDB AUTO_INCREMENT=63 DEFAULT CHARSET=utf8mb3 COLLATE=utf8mb3_bin COMMENT='套餐菜品关系';
/*!40101 SET character_set_client = @saved_cs_client */;

--
-- Dumping data for table `setmeal_dish`
--

LOCK TABLES `setmeal_dish` WRITE;
/*!40000 ALTER TABLE `setmeal_dish` DISABLE KEYS */;
INSERT INTO `setmeal_dish` VALUES (53,34,54,'清炒小油菜',18.00,4),(54,34,55,'蒜蓉娃娃菜',18.00,1),(55,34,56,'清炒西兰花',18.00,1),(56,33,51,'老坛酸菜鱼',56.00,2),(57,33,52,'经典酸菜鮰鱼',66.00,1),(60,35,71,'猪脚饭',12.00,1),(61,35,48,'雪花啤酒',4.00,1),(62,35,49,'米饭',2.00,1);
/*!40000 ALTER TABLE `setmeal_dish` ENABLE KEYS */;
UNLOCK TABLES;
/*!40103 SET TIME_ZONE=@OLD_TIME_ZONE */;

/*!40101 SET SQL_MODE=@OLD_SQL_MODE */;
/*!40014 SET FOREIGN_KEY_CHECKS=@OLD_FOREIGN_KEY_CHECKS */;
/*!40014 SET UNIQUE_CHECKS=@OLD_UNIQUE_CHECKS */;
/*!40101 SET CHARACTER_SET_CLIENT=@OLD_CHARACTER_SET_CLIENT */;
/*!40101 SET CHARACTER_SET_RESULTS=@OLD_CHARACTER_SET_RESULTS */;
/*!40101 SET COLLATION_CONNECTION=@OLD_COLLATION_CONNECTION */;
/*!40111 SET SQL_NOTES=@OLD_SQL_NOTES */;

-- Dump completed on 2025-03-03 17:01:09
